Name,Date,Rating,Total Reviews,Category,Address,Phone,Website,Plus Code,Hours,Status,Offer,Bad Website,email
"Pet Town (Pet Shop, Grooming & Pet Clinic)",2026-09-21,4.4,4.4 stars,Veterinarian,"47 Randle Ave, Surulere, Lagos 100011, Lagos",0703 108 0425,http://www.pettownafrica.com/,G944+HG Lagos,,added,False,False,pettownafrica1@gmail.com
"Pet Town (Pet Shop, Grooming & Pet Clinic)",2026-09-21,4.4,4.4 stars,Veterinarian,"47 Randle Ave, Surulere, Lagos 100011, Lagos",0703 108 0425,http://www.pettownafrica.com/,G944+HG Lagos,,added,False,False,support@riiwards.com
Megz Pet Grooming,2026-09-21,5.0,5.0 stars,Pet groomer,"1614 E Bell Rd Ste 108, Phoenix, AZ 85022, United States",+1 480-971-8392,https://megzpetgrooming.com/,"JXR3+J2 Phoenix, Arizona, USA",,added,False,False,megzpetgrooming@gmail.com
Doggy Daze,2026-09-21,4.7,4.7 stars,Pet groomer,"5555 N 7th St #126, Phoenix, AZ 85014, United States",+1 602-626-5006,http://www.doggydazeaz.com/,"GW9P+6M Phoenix, Arizona, USA",,added,False,False,
petbar Boutique Arcadia,2026-09-21,4.8,4.8 stars,Pet groomer,"2824 E Indian School Rd Spc 5, Phoenix, AZ 85016, United States",+1 602-675-0845,https://www.petbarinc.com/locations/phoenix-arcadia/,"FXWH+FP Phoenix, Arizona, USA",,added,False,False,arcadia@petbarboutique.com
petbar Boutique Arcadia,2026-09-21,4.8,4.8 stars,Pet groomer,"2824 E Indian School Rd Spc 5, Phoenix, AZ 85016, United States",+1 602-675-0845,https://www.petbarinc.com/locations/phoenix-arcadia/,"FXWH+FP Phoenix, Arizona, USA",,added,False,False,ian@idigitalstrategies.com
petbar Boutique Arcadia,2026-09-21,4.8,4.8 stars,Pet groomer,"2824 E Indian School Rd Spc 5, Phoenix, AZ 85016, United States",+1 602-675-0845,https://www.petbarinc.com/locations/phoenix-arcadia/,"FXWH+FP Phoenix, Arizona, USA",,added,False,False,info@petbarinc.com
The Hairy Dog,2026-09-21,4.6,4.6 stars,Pet groomer,"4019 N 32nd St, Phoenix, AZ 85018, United States",+1 602-327-3847,http://www.thehairydog.net/,"FXVP+MX Phoenix, Arizona, USA",,added,False,False,info@thehairydog.net
Sparkle Grooming Co.,2026-09-21,4.9,4.9 stars,Pet groomer,"3748 E Indian School Rd, Phoenix, AZ 85018, United States",+1 480-351-2326,https://sparkledogcare.com/arizona/phoenix/arcadia,"FXWX+7W Phoenix, Arizona, USA",,added,False,False,48005@sparkledogcare.com
Bark & Bark Dog Grooming Salon LLC.,2026-09-21,4.9,4.9 stars,Pet groomer,"1501 Grand Avenue #127 - Cross Streets: Roosevelt St. and, N 16th Ave, Phoenix, AZ 85007, United States",+1 623-800-2839,https://barkandbark.com/,"FW54+GX Phoenix, Arizona, USA",,added,False,False,groomingbark.az@gmail.com
Pawgo Phoenix Mobile Pet Grooming,2026-09-21,4.7,4.7 stars,Pet groomer,,+1 602-678-3647,https://pawgo.com/phoenix,,,added,False,False,
Ser A Pets Grooming,2026-09-21,5.0,5.0 stars,Pet groomer,"7828 N 27th Ave, Phoenix, AZ 85051, United States",+1 602-841-1700,https://www.serapetsgrooming.com/,"HV2M+R2 Phoenix, Arizona, USA",,added,False,False,
Cookies N Clean,2026-09-21,4.9,4.9 stars,Pet groomer,"13418 N 7th St Unit 108, Phoenix, AZ 85022, United States",+1 602-354-8986,https://www.cookiesnclean.com/moon-valley/,"JW5M+97 Phoenix, Arizona, USA",,added,False,False,carefree@cookiesnclean.com
Cookies N Clean,2026-09-21,4.9,4.9 stars,Pet groomer,"13418 N 7th St Unit 108, Phoenix, AZ 85022, United States",+1 602-354-8986,https://www.cookiesnclean.com/moon-valley/,"JW5M+97 Phoenix, Arizona, USA",,added,False,False,mobile@cookiesnclean.com
Cookies N Clean,2026-09-21,4.9,4.9 stars,Pet groomer,"13418 N 7th St Unit 108, Phoenix, AZ 85022, United States",+1 602-354-8986,https://www.cookiesnclean.com/moon-valley/,"JW5M+97 Phoenix, Arizona, USA",,added,False,False,moon.valley@cookiesnclean.com
Cookies N Clean,2026-09-21,4.9,4.9 stars,Pet groomer,"13418 N 7th St Unit 108, Phoenix, AZ 85022, United States",+1 602-354-8986,https://www.cookiesnclean.com/moon-valley/,"JW5M+97 Phoenix, Arizona, USA",,added,False,False,you@email.com
Paws R Us In-Home Mobile Grooming,2026-09-21,5.0,5.0 stars,Pet groomer,"2240 N 21st Ave, Phoenix, AZ 85009, United States",+1 480-744-4507,https://pawsrusmobile.com/phoenixpage,"FVCW+X5 Phoenix, Arizona, USA",,added,False,False,jayme@pawsrusmobile.com
Gentle Groomer,2026-09-21,4.8,4.8 stars,Pet groomer,"8911 N Central Ave #104, Phoenix, AZ 85020, United States",+1 602-422-3438,https://gentlegroomer.net/,"HW8G+FJ Phoenix, Arizona, USA",,added,False,False,
BarkHaus Dog Grooming,2026-09-21,5.0,5.0 stars,Pet groomer,"13049 N Cave Creek Rd, Phoenix, AZ 85022, United States",+1 602-626-4515,http://facebook.com/barkhausaz,"JX47+8J Phoenix, Arizona, USA",,added,False,False,barkhausaz@gmail.com
Art of Pet Grooming,2026-09-21,4.7,4.7 stars,Pet groomer,"10045 W Camelback Rd #103, Phoenix, AZ 85037, United States",+1 623-522-0077,http://artofpetgroomingandsunshine.com/,"GP5F+25 Phoenix, Arizona, USA",,added,False,False,sunshinepetgroomingglendale@gmail.com
Paws R Us In-Home Mobile Grooming,2026-09-21,5.0,5.0 stars,Pet groomer,"3845 E Greenway Rd, Phoenix, AZ 85032, United States",+1 480-744-4034,https://pawsrusmobile.com/scottsdale,"J2G2+5H Phoenix, Arizona, USA",,added,False,False,jayme@pawsrusmobile.com
A Dog Refined,2026-09-21,4.8,4.8 stars,Pet groomer,"21023 N Cave Creek Rd #3, Phoenix, AZ 85024, United States",+1 602-715-2600,http://www.adogrefined.com/,"MXGC+V8 Phoenix, Arizona, USA",,added,False,False,alexish@adogrefined.com
Puff & Fluff Grooming - Uptown,2026-09-21,4.5,4.5 stars,Pet groomer,"5835 N 16th St D, Phoenix, AZ 85016, United States",+1 602-266-5360,http://www.puffandfluffspa.com/,"GXF3+66 Phoenix, Arizona, USA",,added,False,False,anthem@puffandfluffspa.com
Puff & Fluff Grooming - Uptown,2026-09-21,4.5,4.5 stars,Pet groomer,"5835 N 16th St D, Phoenix, AZ 85016, United States",+1 602-266-5360,http://www.puffandfluffspa.com/,"GXF3+66 Phoenix, Arizona, USA",,added,False,False,arcadia@puffandfluffspa.com
Puff & Fluff Grooming - Uptown,2026-09-21,4.5,4.5 stars,Pet groomer,"5835 N 16th St D, Phoenix, AZ 85016, United States",+1 602-266-5360,http://www.puffandfluffspa.com/,"GXF3+66 Phoenix, Arizona, USA",,added,False,False,arrowhead@puffandfluffspa.com
Puff & Fluff Grooming - Uptown,2026-09-21,4.5,4.5 stars,Pet groomer,"5835 N 16th St D, Phoenix, AZ 85016, United States",+1 602-266-5360,http://www.puffandfluffspa.com/,"GXF3+66 Phoenix, Arizona, USA",,added,False,False,litchfield@puffandfluffspa.com
Puff & Fluff Grooming - Uptown,2026-09-21,4.5,4.5 stars,Pet groomer,"5835 N 16th St D, Phoenix, AZ 85016, United States",+1 602-266-5360,http://www.puffandfluffspa.com/,"GXF3+66 Phoenix, Arizona, USA",,added,False,False,north32nd@puffandfluffspa.com
Puff & Fluff Grooming - Uptown,2026-09-21,4.5,4.5 stars,Pet groomer,"5835 N 16th St D, Phoenix, AZ 85016, United States",+1 602-266-5360,http://www.puffandfluffspa.com/,"GXF3+66 Phoenix, Arizona, USA",,added,False,False,uptown@puffandfluffspa.com
Miss Daisy Pet Grooming L.L.C.,2026-09-21,4.7,4.7 stars,Pet groomer,"1219 E Glendale Ave #6, Phoenix, AZ 85020, United States",+1 602-980-3722,http://missdaisypetgrooming.yolasite.com/,"GWQV+5X Phoenix, Arizona, USA",,added,False,False,
DapperTails Mobile Pet Grooming,2026-09-21,4.6,4.6 stars,Pet groomer,,+1 631-784-3250,https://www.dappertailsmobile.com/,,,added,False,False,derek@thelawdept.com
DapperTails Mobile Pet Grooming,2026-09-21,4.6,4.6 stars,Pet groomer,,+1 631-784-3250,https://www.dappertailsmobile.com/,,,added,False,False,example@mysite.com
DapperTails Mobile Pet Grooming,2026-09-21,4.6,4.6 stars,Pet groomer,,+1 631-784-3250,https://www.dappertailsmobile.com/,,,added,False,False,info@dappertailsfranchising.co
DapperTails Mobile Pet Grooming,2026-09-21,4.6,4.6 stars,Pet groomer,,+1 631-784-3250,https://www.dappertailsmobile.com/,,,added,False,False,info@dappertailsfranchising.com
DapperTails Mobile Pet Grooming,2026-09-21,4.6,4.6 stars,Pet groomer,,+1 631-784-3250,https://www.dappertailsmobile.com/,,,added,False,False,info@dappertailsmobile.com
AZ Mobile Spaws,2026-09-21,4.4,4.4 stars,Pet groomer,,+1 480-399-3789,http://www.azspaws.com/,,,added,False,False,info@azspaws.com
AZ Mobile Spaws,2026-09-21,4.4,4.4 stars,Pet groomer,,+1 480-399-3789,http://www.azspaws.com/,,,added,False,False,user@domain.com
Furry Land Dallas Fort Worth,2026-09-21,4.6,4.6 stars,Pet groomer,,+1 972-332-4416,https://furryland.us/locations/dallas-fort-worth-mobile-pet-groomers/,,,added,False,False,
One Love Pet Parlor,2026-09-21,4.8,4.8 stars,Pet groomer,"3375 E Shea Blvd Ste l, Phoenix, AZ 85028, United States",+1 480-590-1324,https://onelovepetparlor.com/,"HXJR+QP Phoenix, Arizona, USA",,added,False,False,
Ky Mobile Pet Grooming,2026-09-21,4.7,4.7 stars,Pet groomer,"4045 W Bell Rd, Phoenix, AZ 85053, United States",+1 602-637-8782,https://pawdicurepals2013.wixsite.com/ky-mobile-pet-groomi?fbclid=IwY2xjawGAxMNleHRuA2FlbQIxMAABHd3rZzS_-jWw5NcyN1dv4eWE-aaD2qCXIW-4nSCsWDysaeEDrAc_1saJOQ_aem_Nga1KJ32RInotc8UMgcbRg,"JVQ3+4F Phoenix, Arizona, USA",,added,False,False,info@mysite.com
Pawgo Scottsdale Mobile Pet Grooming,2026-09-21,4.9,4.9 stars,Pet groomer,,+1 602-678-3647,https://pawgo.com/,,,added,False,False,
Oasis Pet Grooming,2026-09-21,5.0,5.0 stars,Pet groomer,"10401 N 32nd St G, Phoenix, AZ 85028, United States",+1 623-246-1010,http://www.oasispetgrooming.com/,"HXJQ+92 Phoenix, Arizona, USA",,added,False,False,oasispetgroom@gmail.com
Oasis Pet Grooming,2026-09-21,5.0,5.0 stars,Pet groomer,"10401 N 32nd St G, Phoenix, AZ 85028, United States",+1 623-246-1010,http://www.oasispetgrooming.com/,"HXJQ+92 Phoenix, Arizona, USA",,added,False,False,user@domain.com
Sunshine Pet Grooming Phoenix,2026-09-21,5.0,5.0 stars,Pet groomer,"3211 E Baseline Rd #105, Phoenix, AZ 85042, United States",+1 623-253-1958,https://sunshinepetgroomingphoenix.com/,"9XHQ+37 Phoenix, Arizona, USA",,added,False,False,sunshinepetgroomingphoenix@gmail.com
Paws On Central,2026-09-21,4.9,4.9 stars,Pet groomer,"4723 N Central Ave, Phoenix, AZ 85012, United States",+1 602-730-9098,https://pawsoncentralaz.com/,"GW4G+JH Phoenix, Arizona, USA",,added,False,False,inquiry@pawsoncentralaz.com
Puptunias Mobile Grooming LC,2026-09-21,4.9,4.9 stars,Pet groomer,,+1 623-272-5553,https://puptunias-mobile-grooming-lc.square.site/,,,added,False,False,puptuniasgroom@gmail.com
Haus of Dogs,2026-09-21,4.9,4.9 stars,Pet groomer,"4422 N 24th St, Phoenix, AZ 85016, United States",+1 480-903-3647,https://dogk.net/explore/haus-of-dogs/,"GX29+9Q Phoenix, Arizona, USA",,added,False,False,
Smelly Dog,2026-09-21,4.2,4.2 stars,Pet groomer,"5739 N 7th St, Phoenix, AZ 85014, United States",+1 602-265-6806,http://smellydogaz.com/,"GWCP+H6 Phoenix, Arizona, USA",,added,False,False,
Just Stylin' Pet Grooming,2026-09-21,4.8,4.8 stars,Pet groomer,"1614 E Bell Rd Ste 108, Phoenix, AZ 85022, United States",+1 480-262-8451,https://www.juststylinpets.com/?utm_source=google&utm_medium=wix_google_business_profile&utm_campaign=15885966748125395697,"JXR3+J2 Phoenix, Arizona, USA",,added,False,False,
Groomin Tyme,2026-09-21,4.7,4.7 stars,Pet groomer,"1512 W Bell Rd, Phoenix, AZ 85023, United States",+1 602-866-1566,https://shidog.com/explore/groomin-tyme/,"JWR4+9X Phoenix, Arizona, USA",,added,False,False,
Zoomin Groomin,2026-09-21,5.0,5.0 stars,Pet groomer,,+1 480-588-2692,https://www.zoomingroomin.com/locations/arizona/north-scottsdale/,,,added,False,False,pupnpolish@zoomingroomin.com
Urban Wag Pet Spa,2026-09-21,4.8,4.8 stars,Pet groomer,"13240 N 7th St, Phoenix, AZ 85022, United States",+1 602-441-5010,https://localdogshelters.net/explore/urban-wag-pet-spa/,"JW4M+PJ Phoenix, Arizona, USA",,added,False,False,
Puff & Fluff Grooming - Arcadia,2026-09-21,4.2,4.2 stars,Pet groomer,"4730 E Indian School Rd #213, Phoenix, AZ 85018, United States",+1 602-955-3471,http://www.puffandfluffspa.com/,"F2WC+32 Phoenix, Arizona, USA",,added,False,False,anthem@puffandfluffspa.com
Puff & Fluff Grooming - Arcadia,2026-09-21,4.2,4.2 stars,Pet groomer,"4730 E Indian School Rd #213, Phoenix, AZ 85018, United States",+1 602-955-3471,http://www.puffandfluffspa.com/,"F2WC+32 Phoenix, Arizona, USA",,added,False,False,arcadia@puffandfluffspa.com
Puff & Fluff Grooming - Arcadia,2026-09-21,4.2,4.2 stars,Pet groomer,"4730 E Indian School Rd #213, Phoenix, AZ 85018, United States",+1 602-955-3471,http://www.puffandfluffspa.com/,"F2WC+32 Phoenix, Arizona, USA",,added,False,False,arrowhead@puffandfluffspa.com
Puff & Fluff Grooming - Arcadia,2026-09-21,4.2,4.2 stars,Pet groomer,"4730 E Indian School Rd #213, Phoenix, AZ 85018, United States",+1 602-955-3471,http://www.puffandfluffspa.com/,"F2WC+32 Phoenix, Arizona, USA",,added,False,False,litchfield@puffandfluffspa.com
Puff & Fluff Grooming - Arcadia,2026-09-21,4.2,4.2 stars,Pet groomer,"4730 E Indian School Rd #213, Phoenix, AZ 85018, United States",+1 602-955-3471,http://www.puffandfluffspa.com/,"F2WC+32 Phoenix, Arizona, USA",,added,False,False,north32nd@puffandfluffspa.com
Puff & Fluff Grooming - Arcadia,2026-09-21,4.2,4.2 stars,Pet groomer,"4730 E Indian School Rd #213, Phoenix, AZ 85018, United States",+1 602-955-3471,http://www.puffandfluffspa.com/,"F2WC+32 Phoenix, Arizona, USA",,added,False,False,uptown@puffandfluffspa.com
Missy Shed N Clean,2026-09-21,4.7,4.7 stars,Pet groomer,"7828 N 19th Ave #17, Phoenix, AZ 85021, United States",+1 602-841-7333,http://www.missyshednclean.com/,"HV2X+VP Phoenix, Arizona, USA",,added,False,False,
Pet Supplies Plus Phoenix - 32nd & Shea Grooming,2026-09-21,5.0,5.0 stars,Pet groomer,"10624 N 32nd St, Phoenix, AZ 85028, United States",+1 480-999-7387,https://www.petsuppliesplus.com/dog-grooming,"HXMP+96 Phoenix, Arizona, USA",,added,False,False,
"Lucky Dog Mobile Groomers - Phoenix, AZ",2026-09-21,5.0,5.0 stars,Pet groomer,,+1 480-426-9000,https://www.luckydogmobilegroomers.com/phoenix-az/,,,added,False,False,alabama@luckydogmobilegroomers.com
"Lucky Dog Mobile Groomers - Phoenix, AZ",2026-09-21,5.0,5.0 stars,Pet groomer,,+1 480-426-9000,https://www.luckydogmobilegroomers.com/phoenix-az/,,,added,False,False,phoenix@luckydogmobilegroomers.com
A Better Grooming & Pets,2026-09-21,4.1,4.1 stars,Pet groomer,"505 W Dunlap Ave B, Phoenix, AZ 85021, United States",+1 602-277-7387,https://bettergroomingpets.top/,"HW89+VG Phoenix, Arizona, USA",,added,False,False,
Le Doggie Pet Grooming,2026-09-21,4.8,4.8 stars,Pet store,"1249 E Northern Ave, Phoenix, AZ 85020, United States",+1 602-943-4943,https://ledoggie.com/,"HW3W+42 Phoenix, Arizona, USA",,added,False,False,ledoggiegroom@gmail.com
Betty and Friends Grooming,2026-09-21,4.6,4.6 stars,Pet groomer,"19 W Baseline Rd, Phoenix, AZ 85041, United States",+1 602-675-1833,http://bettyandfriendsgrooming.com/,"9WGG+R7 Phoenix, Arizona, USA",,added,False,False,
DapperTails Mobile Pet Grooming of Scottsdale,2026-09-21,5.0,5.0 stars,Pet groomer,,+1 480-885-6180,https://www.dappertailsmobile.com/scottsdale-az,,,added,False,False,example@mysite.com
DapperTails Mobile Pet Grooming of Scottsdale,2026-09-21,5.0,5.0 stars,Pet groomer,,+1 480-885-6180,https://www.dappertailsmobile.com/scottsdale-az,,,added,False,False,info@dappertailsmobile.com
DapperTails Mobile Pet Grooming of Scottsdale,2026-09-21,5.0,5.0 stars,Pet groomer,,+1 480-885-6180,https://www.dappertailsmobile.com/scottsdale-az,,,added,False,False,scottsdale@dappertailsfranchising.com
Buckeye Mobile Pet Grooming,2026-09-21,4.9,4.9 stars,Pet groomer,,+1 602-678-3647,https://pawgo.com/,,,added,False,False,
Sunshine Pet Grooming Mobile,2026-09-21,4.2,4.2 stars,Pet groomer,,+1 602-370-9444,http://sunshinepetgroomingmobile.com/,,,added,False,False,sunshinepetgroomingmobile@gmail.com
Michael's Mobile Dog Grooming,2026-09-21,5.0,5.0 stars,Pet groomer,,+1 480-612-2776,https://michaelspets.com/,,,added,False,False,contact@sansoxygen.com
Doggie Style AZ,2026-09-21,5.0,5.0 stars,Pet groomer,"7304 W Globe Ave, Phoenix, AZ 85043, United States",+1 602-300-2621,http://www.doggiestyleaz.com/,"CQ9M+M3 Phoenix, Arizona, USA",,added,False,False,you@company.com
Donna's Custom Pet Grooming,2026-09-21,4.6,4.6 stars,Pet groomer,"717 W Union Hills Dr #12B, Phoenix, AZ 85027, United States",+1 602-547-4098,https://donnacustompetgrooming.site/,"MW38+HQ Phoenix, Arizona, USA",,added,False,False,
Lovet Pet Health Care - Madison,2026-09-21,4.7,4.7 stars,Veterinarian,"539 E Glendale Ave #1, Phoenix, AZ 85020, United States",+1 602-358-7815,https://www.lovet.com/locations/az/phoenix/539-e-glendale-avenue/,"GWQM+3H Phoenix, Arizona, USA",,added,False,False,
"Chunkers Mobile Dog Grooming- Phoenix, Arizona",2026-09-21,5.0,5.0 stars,Pet groomer,"47 Spur Cir, Scottsdale, AZ 85251, United States",+1 520-222-8728,https://www.chunkersmobile.com/,"F3Q2+W2 Scottsdale, Arizona, USA",,added,False,False,dya@chunkersmobilegrooming.com
"Chunkers Mobile Dog Grooming- Phoenix, Arizona",2026-09-21,5.0,5.0 stars,Pet groomer,"47 Spur Cir, Scottsdale, AZ 85251, United States",+1 520-222-8728,https://www.chunkersmobile.com/,"F3Q2+W2 Scottsdale, Arizona, USA",,added,False,False,user@domain.com
Millie's Dog World,2026-09-21,4.5,4.5 stars,Pet groomer,"2043 W Glendale Ave, Phoenix, AZ 85021, United States",+1 602-589-1766,https://milliesdogworld.top/,"GVQW+9G Phoenix, Arizona, USA",,added,False,False,
Hearts full of Love Pet Grooming,2026-09-21,4.7,4.7 stars,Pet groomer,"9163 W Union Hills Dr, Peoria, AZ 85382, United States",+1 623-566-6500,https://heartsfulloflovepet.top/,"MP2V+FQ Peoria, Arizona, USA",,added,False,False,
Scooby Do's Pet Grooming,2026-09-21,4.4,4.4 stars,Pet groomer,"930 W Broadway Rd Ste 8, Tempe, AZ 85282, United States",+1 480-966-9870,https://scoobydospetgrooming.glossgenius.com/,"C25W+4H Tempe, Arizona, USA",,added,False,False,
D Pet Hotels Arcadia,2026-09-21,4.7,4.7 stars,Pet boarding service,"4025 N 44th St, Phoenix, AZ 85018, United States",+1 602-854-9929,https://arcadia.dpethotels.com/?utm_source=GMBlisting&utm_medium=organic,"F2V7+J9 Phoenix, Arizona, USA",,added,False,False,
Alta Vista Boarding & Grooming,2026-09-21,4.4,4.4 stars,Pet boarding service,"4730 N 7th Ave, Phoenix, AZ 85013, United States",+1 602-265-3198,https://www.altavistapets.com/,"GW48+PR Phoenix, Arizona, USA",,added,False,False,info@altavistapets.com
Petco Grooming,2026-09-21,4.6,4.6 stars,Pet groomer,"4727 E Bell Rd Ste 37, Phoenix, AZ 85032, United States",+1 602-923-9814,https://stores.petco.com/az/phoenix/full-service-grooming-phoenix-az-1113.html?utm_source=google&utm_campaign=locallist_1113_pg,"J2QC+93 Phoenix, Arizona, USA",,added,False,False,
DapperTails Mobile Pet Grooming of Phoenix,2026-09-21,5.0,5.0 stars,Pet groomer,,+1 480-885-6180,https://www.dappertailsmobile.com/phoenix-az,,,added,False,False,example@mysite.com
DapperTails Mobile Pet Grooming of Phoenix,2026-09-21,5.0,5.0 stars,Pet groomer,,+1 480-885-6180,https://www.dappertailsmobile.com/phoenix-az,,,added,False,False,info@dappertailsmobile.com
DapperTails Mobile Pet Grooming of Phoenix,2026-09-21,5.0,5.0 stars,Pet groomer,,+1 480-885-6180,https://www.dappertailsmobile.com/phoenix-az,,,added,False,False,phoenix@dappertailsfranchising.com
"Lori's Grooming, Boarding & Daycare",2026-09-21,4.6,4.6 stars,Pet groomer,"14202 N Scottsdale Rd #153, Scottsdale, AZ 85254, United States",+1 480-430-6425,http://lorisdoggrooming.com/,"J39F+22 Scottsdale, Arizona, USA",,added,False,False,lorisgrooming@gmail.com
Sunshine Pet Grooming Laveen,2026-09-21,4.6,4.6 stars,Pet groomer,"5020 W Baseline Rd #117, Laveen, AZ 85339, United States",+1 602-807-6777,http://sunshinepetgroominglaveen.com/,"9RHM+GC Laveen, Phoenix, AZ, USA",,added,False,False,hi@mystore.com
Sunshine Pet Grooming Laveen,2026-09-21,4.6,4.6 stars,Pet groomer,"5020 W Baseline Rd #117, Laveen, AZ 85339, United States",+1 602-807-6777,http://sunshinepetgroominglaveen.com/,"9RHM+GC Laveen, Phoenix, AZ, USA",,added,False,False,sunshinepetgroominglaveen@gmail.com
Only Paws Mobile Grooming,2026-09-21,4.8,4.8 stars,Pet groomer,,+1 602-384-5603,https://www.onlypawsmobilegrooming.com/,,,added,False,False,opgrooming@gmail.com
Only Paws Mobile Grooming,2026-09-21,4.8,4.8 stars,Pet groomer,,+1 602-384-5603,https://www.onlypawsmobilegrooming.com/,,,added,False,False,user@domain.com
Learning Paws 24/7,2026-09-21,4.7,4.7 stars,Dog day care center,"2609 N 24th St, Phoenix, AZ 85008, United States",+1 833-364-7247,http://www.learningpaws.com/,"FXGC+F2 Phoenix, Arizona, USA",,added,False,False,micah@micahrich.com
Pet Supplies Plus Phoenix - Moon Valley,2026-09-21,4.7,4.7 stars,Pet supply store,"245 E Bell Rd Unit 16, Phoenix, AZ 85022, United States",+1 602-962-6021,https://www.petsuppliesplus.com/Store/AZ/Phoenix/Phoenix-Moon-Valley/4294,"JWQH+G8 Phoenix, Arizona, USA",,added,False,False,
Petco Grooming,2026-09-21,4.4,4.4 stars,Pet groomer,"2784 W Peoria Ave, Phoenix, AZ 85029, United States",+1 602-504-1202,https://stores.petco.com/az/phoenix/full-service-grooming-phoenix-az-591.html?utm_source=google&utm_campaign=locallist_591_pg,"HVMH+8R Phoenix, Arizona, USA",,added,False,False,
Dogtopia of Uptown Phoenix,2026-09-21,4.8,4.8 stars,Dog day care center,"6148 N 7th St, Phoenix, AZ 85014, United States",+1 602-607-2777,https://www.dogtopia.com/uptown-phoenix/,"GWGM+WR Phoenix, Arizona, USA",,added,False,False,info@dogtopia.com
Dogtopia of Uptown Phoenix,2026-09-21,4.8,4.8 stars,Dog day care center,"6148 N 7th St, Phoenix, AZ 85014, United States",+1 602-607-2777,https://www.dogtopia.com/uptown-phoenix/,"GWGM+WR Phoenix, Arizona, USA",,added,False,False,uptownphoenix@dogtopia.com
The Pet Salon,2026-09-21,4.7,4.7 stars,Pet groomer,"7609 E Pinnacle Peak Rd, Scottsdale, AZ 85255, United States",+1 480-471-6330,https://petsalonaz.com/,"M3WM+RJ Scottsdale, Arizona, USA",,added,False,False,micah@micahrich.com
The Pet Salon,2026-09-21,4.7,4.7 stars,Pet groomer,"7609 E Pinnacle Peak Rd, Scottsdale, AZ 85255, United States",+1 480-471-6330,https://petsalonaz.com/,"M3WM+RJ Scottsdale, Arizona, USA",,added,False,False,thepetsalonaz@gmail.com
Barkbus Mobile Dog Grooming,2026-09-21,4.8,4.8 stars,Pet groomer,,+1 480-690-3392,https://www.barkbus.com/az/phoenix/tempe?utm_source=google&utm_medium=gmb&utm_content=Tempe,,,added,False,False,info@barkbus.com
Hair of the Dog,2026-09-21,4.7,4.7 stars,Pet groomer,"4731 E Greenway Rd Ste 5, Phoenix, AZ 85032, United States",+1 602-404-3647,http://hairofthedogphx.com/,"J2GC+65 Phoenix, Arizona, USA",,added,False,False,hotdphx@gmail.com
Heidi's Historic Home and Pet Care,2026-09-21,4.7,4.7 stars,Pet sitter,"East of, Between Thomas & McDowell Rd, N 7th St, Phoenix, AZ 85006, United States",+1 602-367-1256,http://www.heidishistorichomeandpetcare.com/,"FWCQ+R4 Phoenix, Arizona, USA",,added,False,False,
DapperTails Mobile Pet Grooming of Chandler,2026-09-21,4.9,4.9 stars,Pet groomer,,+1 480-805-8022,https://www.dappertailsmobile.com/chandler-az,,,added,False,False,example@mysite.com
DapperTails Mobile Pet Grooming of Chandler,2026-09-21,4.9,4.9 stars,Pet groomer,,+1 480-805-8022,https://www.dappertailsmobile.com/chandler-az,,,added,False,False,howdypup@dappertailsfranchising.com
DapperTails Mobile Pet Grooming of Chandler,2026-09-21,4.9,4.9 stars,Pet groomer,,+1 480-805-8022,https://www.dappertailsmobile.com/chandler-az,,,added,False,False,info@dappertailsmobile.com
Camp Bow Wow Phoenix,2026-09-21,4.8,4.8 stars,Dog day care center,"2136 E Indian School Rd, Phoenix, AZ 85016, United States",+1 602-786-8585,https://www.campbowwow.com/phoenix/,"FXW7+3W Phoenix, Arizona, USA",,added,False,False,
Pawgo Tempe Mobile Pet Grooming,2026-09-21,4.7,4.7 stars,Pet groomer,,+1 602-678-3647,https://pawgo.com/,,,added,False,False,
Dogtopia of Arcadia,2026-09-21,4.6,4.6 stars,Dog day care center,"3031 E Indian School Rd, Phoenix, AZ 85016, United States",+1 480-405-9646,https://www.dogtopia.com/phoenix-arcadia/,"FXVM+MG Phoenix, Arizona, USA",,added,False,False,arcadia@dogtopia.com
Dogtopia of Arcadia,2026-09-21,4.6,4.6 stars,Dog day care center,"3031 E Indian School Rd, Phoenix, AZ 85016, United States",+1 480-405-9646,https://www.dogtopia.com/phoenix-arcadia/,"FXVM+MG Phoenix, Arizona, USA",,added,False,False,info@dogtopia.com
Pet Play House Phoenix,2026-09-21,4.8,4.8 stars,Pet boarding service,"1625 E Osborn Rd, Phoenix, AZ 85016, United States",+1 520-280-0449,https://petplayhousephoenix.com/location/phoenix-az/?utm_source=GBP_PetPlayHousePHX&utm_medium=organic,"FXP3+RF Phoenix, Arizona, USA",,added,False,False,hello@petplayhousephoenix.com
Johnny's Doghouse Pet Grooming & Boarding,2026-09-21,4.8,4.8 stars,Pet groomer,"1290 N Scottsdale Rd Ste 101, Tempe, AZ 85288, United States",+1 480-892-7297,https://www.johnnysdoghouse.com/,"C3RC+RW Tempe, Arizona, USA",,added,False,False,info@johnnysdoghouse.com
DOGGiZONA Mobile Grooming,2026-09-21,5.0,5.0 stars,Pet groomer,,+1 480-415-8419,https://doggizona.com/,,,added,False,False,info@doggizona.com
DOGGiZONA Mobile Grooming,2026-09-21,5.0,5.0 stars,Pet groomer,,+1 480-415-8419,https://doggizona.com/,,,added,False,False,you@example.com
Dogtopia of Historic Phoenix,2026-09-21,4.5,4.5 stars,Dog day care center,"520 W McDowell Rd, Phoenix, AZ 85003, United States",+1 602-607-1500,https://www.dogtopia.com/historic-phoenix/,"FW89+CP Phoenix, Arizona, USA",,added,False,False,historicphoenix@dogtopia.com
Dogtopia of Historic Phoenix,2026-09-21,4.5,4.5 stars,Dog day care center,"520 W McDowell Rd, Phoenix, AZ 85003, United States",+1 602-607-1500,https://www.dogtopia.com/historic-phoenix/,"FW89+CP Phoenix, Arizona, USA",,added,False,False,info@dogtopia.com
Noble Beast Pet Supplies,2026-09-21,4.8,4.8 stars,Pet supply store,"1005 E Camelback Rd, Phoenix, AZ 85014, United States",+1 602-265-4223,http://noblebeastpets.com/,"GW5R+J2 Phoenix, Arizona, USA",,added,False,False,
Happy Tails Mobile Dog And Cat Grooming,2026-09-21,4.1,4.1 stars,Pet groomer,,+1 602-243-1530,http://azhappytails.com/,,,added,False,False,
Marcy‘s dog grooming,2026-09-21,5.0,5.0 stars,Pet groomer,"6405 S 65th Ave, Laveen, AZ 85339, United States",+1 480-494-0817,https://printify.com/app/store/settings/name,"9RQ2+5R Laveen, Phoenix, AZ, USA",,added,False,False,8d979c594feb41fa9e75405cee93df19@o813548.ingest.sentry.io
Marcy‘s dog grooming,2026-09-21,5.0,5.0 stars,Pet groomer,"6405 S 65th Ave, Laveen, AZ 85339, United States",+1 480-494-0817,https://printify.com/app/store/settings/name,"9RQ2+5R Laveen, Phoenix, AZ, USA",,added,False,False,andris.mucenieks@printify.com
Marcy‘s dog grooming,2026-09-21,5.0,5.0 stars,Pet groomer,"6405 S 65th Ave, Laveen, AZ 85339, United States",+1 480-494-0817,https://printify.com/app/store/settings/name,"9RQ2+5R Laveen, Phoenix, AZ, USA",,added,False,False,chantal.robbertse@printify.com
Marcy‘s dog grooming,2026-09-21,5.0,5.0 stars,Pet groomer,"6405 S 65th Ave, Laveen, AZ 85339, United States",+1 480-494-0817,https://printify.com/app/store/settings/name,"9RQ2+5R Laveen, Phoenix, AZ, USA",,added,False,False,john@company.com
Marcy‘s dog grooming,2026-09-21,5.0,5.0 stars,Pet groomer,"6405 S 65th Ave, Laveen, AZ 85339, United States",+1 480-494-0817,https://printify.com/app/store/settings/name,"9RQ2+5R Laveen, Phoenix, AZ, USA",,added,False,False,merchantsupport@printify.com
Marcy‘s dog grooming,2026-09-21,5.0,5.0 stars,Pet groomer,"6405 S 65th Ave, Laveen, AZ 85339, United States",+1 480-494-0817,https://printify.com/app/store/settings/name,"9RQ2+5R Laveen, Phoenix, AZ, USA",,added,False,False,sellersclub@printify.com
Fur Whisperer AZ,2026-09-21,5.0,5.0 stars,Pet groomer,,+1 480-604-6888,https://www.furwhispereraz.com/,,,added,False,False,
Canine Country Club & Feline Inn,2026-09-21,4.3,4.3 stars,Pet boarding service,"2332 E Washington St, Phoenix, AZ 85034, United States",+1 602-244-8171,https://www.caninecountryclubaz.com/,"CXX9+GG Phoenix, Arizona, USA",,added,False,False,
Gil Pet Shop and Grooming,2026-09-21,3.8,3.8 stars,Pet store,"4231 W Thomas Rd, Phoenix, AZ 85019, United States",+1 623-341-6406,https://www.directoriodigital.online/gilpetshop,"FVH2+V2 Phoenix, Arizona, USA",,added,False,False,dierctoriodigitalonline@gmail.com
Gil Pet Shop and Grooming,2026-09-21,3.8,3.8 stars,Pet store,"4231 W Thomas Rd, Phoenix, AZ 85019, United States",+1 623-341-6406,https://www.directoriodigital.online/gilpetshop,"FVH2+V2 Phoenix, Arizona, USA",,added,False,False,directoriodigitalonline@gmail.com
Gil Pet Shop and Grooming,2026-09-21,3.8,3.8 stars,Pet store,"4231 W Thomas Rd, Phoenix, AZ 85019, United States",+1 623-341-6406,https://www.directoriodigital.online/gilpetshop,"FVH2+V2 Phoenix, Arizona, USA",,added,False,False,email@hidalgosinfronteras.org
Gil Pet Shop and Grooming,2026-09-21,3.8,3.8 stars,Pet store,"4231 W Thomas Rd, Phoenix, AZ 85019, United States",+1 623-341-6406,https://www.directoriodigital.online/gilpetshop,"FVH2+V2 Phoenix, Arizona, USA",,added,False,False,jnoel5309@gmail.com
Gil Pet Shop and Grooming,2026-09-21,3.8,3.8 stars,Pet store,"4231 W Thomas Rd, Phoenix, AZ 85019, United States",+1 623-341-6406,https://www.directoriodigital.online/gilpetshop,"FVH2+V2 Phoenix, Arizona, USA",,added,False,False,maria_trejo355@yahoo.com
Just Around The Corner,2026-09-21,4.8,4.8 stars,Pet sitter,"82 E Ashland Ave, Phoenix, AZ 85004, United States",+1 602-301-1373,http://www.justaroundthecornerpetsitting.com/,"FWGH+5X Phoenix, Arizona, USA",,added,False,False,
PetSmart Grooming,2026-09-21,4.1,4.1 stars,Pet groomer,"10405 N 31st Ave, Phoenix, AZ 85051, United States",+1 602-331-0131,https://stores.petsmart.com/az/phoenix/phoenix-metro-center/grooming?utm_source=google&utm_medium=organic&utm_campaign=google-my-business,"HVJF+7X Phoenix, Arizona, USA",,added,False,False,
"Partners Dog Training, Daycare and Resort",2026-09-21,4.8,4.8 stars,Dog trainer,"4640 E Forest Pleasant Pl, Cave Creek, AZ 85331, United States",+1 480-595-6700,https://partnersdogs.com/cave-creek,"Q2F9+PG Cave Creek, Arizona, USA",,added,False,False,enroll@partnersdogs.com
PetSmart Grooming,2026-09-21,4.4,4.4 stars,Pet groomer,"10825 N Tatum Blvd, Phoenix, AZ 85028, United States",+1 480-367-9680,https://stores.petsmart.com/az/phoenix/ne-phoenix/grooming?utm_source=google&utm_medium=organic&utm_campaign=google-my-business,"H2MF+WR Phoenix, Arizona, USA",,added,False,False,
Nadia's Dog Nanny Services LLC,2026-09-21,4.9,4.9 stars,Pet boarding service,"4038 E Madison St, Phoenix, AZ 85034, United States",+1 480-420-7330,https://nadiawalksdogs.com/,"C2W4+JJ Phoenix, Arizona, USA",,added,False,False,nadiawalksdogs@gmail.com
Dogtopia of Ahwatukee,2026-09-21,4.8,4.8 stars,Dog day care center,"4747 E Elliot Rd Ste 15, Phoenix, AZ 85044, United States",+1 480-741-1532,https://www.dogtopia.com/ahwatukee-elliotrd/,"82X9+54 Phoenix, Arizona, USA",,added,False,False,ahwatukee@dogtopia.com
Dogtopia of Ahwatukee,2026-09-21,4.8,4.8 stars,Dog day care center,"4747 E Elliot Rd Ste 15, Phoenix, AZ 85044, United States",+1 480-741-1532,https://www.dogtopia.com/ahwatukee-elliotrd/,"82X9+54 Phoenix, Arizona, USA",,added,False,False,info@dogtopia.com
"betrbowl, by Pet Planet Squaw Peak Plaza",2026-09-21,4.6,4.6 stars,Pet supply store,"6825 N 16th St, Phoenix, AZ 85016, United States",+1 602-277-5669,https://www.betrbowl.com/,"GXP3+R8 Phoenix, Arizona, USA",,added,False,False,customerservice@betrbowl.com
"betrbowl, by Pet Planet Squaw Peak Plaza",2026-09-21,4.6,4.6 stars,Pet supply store,"6825 N 16th St, Phoenix, AZ 85016, United States",+1 602-277-5669,https://www.betrbowl.com/,"GXP3+R8 Phoenix, Arizona, USA",,added,False,False,you@email.com
"Pet2Vets - Pet Taxi, Pet Boarding, Doggie Day Care and Grooming",2026-09-21,4.9,4.9 stars,Pet moving service,,+1 480-400-9398,https://pet2vets.com/,,,added,False,False,pet2vetsllc@gmail.com
Aqua Doggy Mobile Pet Grooming,2026-09-21,4.9,4.9 stars,Pet groomer,,+1 480-770-9022,http://www.aqua-doggy.com/,,,added,False,False,filler@godaddy.com
PetSmart Grooming,2026-09-21,3.9,3.9 stars,Pet groomer,"1949 E Camelback Rd, Phoenix, AZ 85016, United States",+1 602-248-8809,https://stores.petsmart.com/az/phoenix/colonnade/grooming?utm_source=google&utm_medium=organic&utm_campaign=google-my-business,"GX55+4R Phoenix, Arizona, USA",,added,False,False,
PetSmart Grooming,2026-09-21,4.3,4.3 stars,Pet groomer,"2475 E Baseline Rd, Phoenix, AZ 85042, United States",+1 602-232-1090,https://stores.petsmart.com/az/phoenix/phoenix-south-mountain/grooming?utm_source=google&utm_medium=organic&utm_campaign=google-my-business,"9XGC+CP Phoenix, Arizona, USA",,added,False,False,
Petco Grooming,2026-09-21,4.6,4.6 stars,Pet groomer,"5011 E Ray Rd, Phoenix, AZ 85044, United States",+1 480-893-3383,https://stores.petco.com/az/phoenix/full-service-grooming-phoenix-az-597.html?utm_source=google&utm_campaign=locallist_597_pg,"829F+CP Phoenix, Arizona, USA",,added,False,False,
K9 Cleaners Inc. Mobile Dog Grooming,2026-09-21,5.0,5.0 stars,Pet groomer,,+1 602-609-5747,https://www.k9cleanersinc.com/,,,added,False,False,info@k9cleanersinc.com
K9 Cleaners Inc. Mobile Dog Grooming,2026-09-21,5.0,5.0 stars,Pet groomer,,+1 602-609-5747,https://www.k9cleanersinc.com/,,,added,False,False,k9cleanersinc@gmail.com
Gordon's Feed,2026-09-21,4.8,4.8 stars,Pet supply store,"600 W Broadway Rd, Phoenix, AZ 85041, United States",+1 602-276-8894,https://gordonsfeed.com/,"CW49+RR Phoenix, Arizona, USA",,added,False,False,product-media-450423_580x@2x.webp
Mobile Pet Grooming,2026-09-21,,,Serviced accommodation,"4418 W Desert Hills Dr, Glendale, AZ 85304, United States",+1 602-622-0510,http://mobilepetgroomingaz.com/,"HRWW+9F Glendale, Arizona, USA",,added,False,False,mobilepetgroomingaz@gmail.com
PetSmart,2026-09-21,4.4,4.4 stars,Pet supply store,"1745 W Bethany Home Rd, Phoenix, AZ 85015, United States",+1 602-841-2507,https://www.petsmart.com/stores/us/az/phoenix-store1120.html?utm_source=google&utm_medium=organic&utm_campaign=google-my-business,"GWC3+X3 Phoenix, Arizona, USA",,added,False,False,
OOTO Enterprises LLC,2026-09-21,4.8,4.8 stars,Pet moving service,"18th Floor (Spaces Works, 2 N Central Ave Suite 1800, Phoenix, AZ 85004, United States",+1 659-262-5624,https://ooto.enterprises/,"CWXG+F9 Phoenix, Arizona, USA",,added,False,False,you@example.com
Pawsh Paws Mobile Grooming,2026-09-21,5.0,5.0 stars,Pet groomer,,+1 602-842-2360,https://pawshpawsaz.com/,,,added,False,False,pawshpawsaz@gmail.com
Pawsh Paws Mobile Grooming,2026-09-21,5.0,5.0 stars,Pet groomer,,+1 602-842-2360,https://pawshpawsaz.com/,,,added,False,False,user@domain.com
