Name,Date,Rating,Total Reviews,Category,Address,Phone,Website,Plus Code,Hours,Status,Offer,Bad Website
Canine House of Style,2026-09-14,4.5,4.5 stars,Pet groomer,"2206 Cheshire Bridge Rd NE, Atlanta, GA 30324, United States",+1 404-320-4222,,"RJ8W+3P Atlanta, Georgia, USA",,added,False,True
Central Bark Atlanta,2026-09-14,4.7,4.7 stars,Dog day care center,"1940 Briarwood Ct NE, Atlanta, GA 30329, United States",+1 404-248-2275,https://www.centralbarkusa.com/atlanta/,"RMQG+PV Atlanta, Georgia, USA",,added,False,False
Salty Dawg Pet Salon + Bakery - Westside Atlanta,2026-09-14,4.2,4.2 stars,Pet groomer,"2250 Marietta Blvd NW Ste 216, Atlanta, GA 30318, United States",+1 678-732-9107,https://saltydawg.com/atlanta,"RH82+FW Atlanta, Georgia, USA",,added,False,False
Hot Diggity Dog Grooming And Boutique,2026-09-14,4.6,4.6 stars,Pet groomer,"156 Whitefoord Ave SE, Atlanta, GA 30317, United States",+1 770-954-6966,http://www.facebook.com/hotdiggitygrooming,"PMX5+M5 Atlanta, Georgia, USA",,added,False,False
Puppy United,2026-09-14,4.8,4.8 stars,Pet groomer,"976 Piedmont Ave NE, Atlanta, GA 30309, United States",+1 404-401-6634,http://puppyunited.com/,"QJJ9+GJ Atlanta, Georgia, USA",,added,False,False
Dog Wash Atlanta,2026-09-14,4.7,4.7 stars,Pet groomer,"2003 Oakview Rd SE, Atlanta, GA 30317, United States",+1 404-663-8080,http://www.kirkwoodcarwash.com/,"QM2H+73 Atlanta, Georgia, USA",,added,False,False
Woof Gang Bakery & Grooming Beltline,2026-09-14,4.8,4.8 stars,Pet groomer,"661 Auburn Ave NE Ste 200, Atlanta, GA 30312, United States",+1 404-565-2447,https://www.woofgangbakery.com/pages/locations/beltline?utm_source=google&utm_medium=gmb,"QJ4M+8Q Atlanta, Georgia, USA",,added,False,False
Coatly Bath and Groom,2026-09-14,4.7,4.7 stars,Pet groomer,"1985 Howell Mill Rd NW #102, Atlanta, GA 30318, United States",+1 404-574-6156,https://coatly.com/,"RH5P+HX Atlanta, Georgia, USA",,added,False,False
C My Paws,2026-09-14,5.0,5.0 stars,Pet groomer,"700 Charles Allen Dr NE, Atlanta, GA 30308, United States",+1 404-735-4693,http://www.cmypaws.com/,"QJFG+CR Atlanta, Georgia, USA",,added,False,False
AMG Atlanta Meet The Groomers,2026-09-14,4.7,4.7 stars,Pet groomer,"340 McDaniel St SW, Atlanta, GA 30310, United States",+1 404-573-0317,,"PHWV+6V Atlanta, Georgia, USA",,added,False,True
The Paw Luxury Grooming & Boarding Services,2026-09-14,4.8,4.8 stars,Pet groomer,"1153 Lookout Ave NW, Atlanta, GA 30318, United States",+1 404-540-6337,https://www.vagaro.com/thepawluxuryboardingandboardingservices,"QGPP+G2 Atlanta, Georgia, USA",,added,False,False
Lucky & Lady,2026-09-14,4.4,4.4 stars,Pet boarding service,"975 Memorial Dr SE #810, Atlanta, GA 30316, United States",+1 404-482-0613,https://luckyandlady.com/?utm_source=gmb&utm_medium=organic,"PJWV+8C Atlanta, Georgia, USA",,added,False,False
Pet Gallery INC,2026-09-14,4.8,4.8 stars,Pet groomer,"1465 Chattahoochee Ave NW, Atlanta, GA 30318, United States",+1 404-351-7490,https://frommfamily.com/r/5665,"RH48+V7 Atlanta, Georgia, USA",,added,False,False
Paw Palace,2026-09-14,4.3,4.3 stars,Pet groomer,"1198 Zonolite Rd NE, Atlanta, GA 30306, United States",+1 404-885-9285,http://www.atlpawpalace.com/,"RM45+FP Atlanta, Georgia, USA",,added,False,False
Lovedog,2026-09-14,4.8,4.8 stars,Pet groomer,"1830 Piedmont Ave NE Unit A, Atlanta, GA 30324, United States",+1 678-350-8028,https://www.lovedogatl.com/,"RJ4J+7Q Atlanta, Georgia, USA",,added,False,False
Jazzy Pawz By Andrea,2026-09-14,4.1,4.1 stars,Pet groomer,"245 N Highland Ave NE Unit 225, Atlanta, GA 30307, United States",+1 678-510-8973,http://www.jazzypawz.com/,"QJ6R+G3 Atlanta, Georgia, USA",,added,False,False
Doggie Style Grooming Salon,2026-09-14,4.6,4.6 stars,Pet groomer,"427 Moreland Ave NE #750, Atlanta, GA 30307, United States",+1 470-213-3940,,"QM82+CC Atlanta, Georgia, USA",,added,False,True
Doguroo,2026-09-14,4.6,4.6 stars,Pet boarding service,"1456 Northside Dr NW, Atlanta, GA 30318, United States",+1 404-889-8279,https://doguroo.com/?y_source=1_MTE2NjkwNjktNzE1LWxvY2F0aW9uLndlYnNpdGU%3D,"QHVR+M6 Atlanta, Georgia, USA",,added,False,False
Woof Gang Bakery & Grooming The Works,2026-09-14,4.6,4.6 stars,Pet groomer,"210 Chattahoochee Row NW, Atlanta, GA 30318, United States",+1 404-410-4420,https://woofgangbakery.com/pages/locations/the-works-atl/?utm_source=google&utm_medium=gmb,"RH3C+G7 Atlanta, Georgia, USA",,added,False,False
Piedmont Bark,2026-09-14,4.3,4.3 stars,Dog day care center,"501 Amsterdam Ave NE, Atlanta, GA 30306, United States",+1 404-873-5400,http://www.piedmontbark.com/,"QJQH+6W Atlanta, Georgia, USA",,added,False,False
WAG-A-LOT Upper Westside,2026-09-14,4.4,4.4 stars,Dog day care center,"1919 Hills Ave NW, Atlanta, GA 30318, United States",+1 404-795-8346,http://wagalot.com/,"RH79+4M Atlanta, Georgia, USA",,added,False,False
Barking Hound Village Inn,2026-09-14,4.8,4.8 stars,Pet boarding service,"777 Lambert Dr NE, Atlanta, GA 30324, United States",+1 404-873-4960,https://www.barkinghoundvillage.com/lambert-drive/,"RJ7P+2X Atlanta, Georgia, USA",,added,False,False
Barking Hound Village Cheshire,2026-09-14,4.7,4.7 stars,Pet boarding service,"1918 Cheshire Bridge Rd NE, Atlanta, GA 30324, United States",+1 404-897-3422,https://www.barkinghoundvillage.com/cheshire-bridge/,"RJ6Q+5W Atlanta, Georgia, USA",,added,False,False
Happy Hearts Pet Care Services,2026-09-14,4.5,4.5 stars,Pet groomer,"327 Nelson St SW, Atlanta, GA 30313, United States",+1 404-941-9042,http://www.happyheartspcs.com/,"QJ22+MH Atlanta, Georgia, USA",,added,False,False
Bark and Board,2026-09-14,4.5,4.5 stars,Pet boarding service,"426 Trabert Ave NW, Atlanta, GA 30309, United States",+1 404-889-8211,https://www.barkandboard.com/locations/west-midtown?y_source=1_MTE2NjkwOTUtNzE1LWxvY2F0aW9uLndlYnNpdGU%3D,"QHVX+M8 Atlanta, Georgia, USA",,added,False,False
Furside Pet Grooming,2026-09-14,4.9,4.9 stars,Pet groomer,"308 W Ponce de Leon Ave J, Decatur, GA 30030, United States",+1 404-687-0660,http://fursidepetgrooming.com/,"QMFX+VV Decatur, Georgia, USA",,added,False,False
Animal House Buckhead,2026-09-14,4.1,4.1 stars,Pet groomer,"517 East Paces Ferry Rd NE, Atlanta, GA 30305, United States",+1 404-647-7822,https://www.animalhousebuckheadga.com/,"RJQH+8H Atlanta, Georgia, USA",,added,False,False
Skiptown Atlanta,2026-09-14,4.5,4.5 stars,Pet boarding service,"200 Arizona Ave NE, Atlanta, GA 30307, United States",+1 678-250-0362,http://www.skiptown.io/ga/atlanta,"QM59+J7 Atlanta, Georgia, USA",,added,False,False
Petco Grooming,2026-09-14,4.0,4.0 stars,Pet groomer,"1267 Caroline St NE, Atlanta, GA 30307, United States",+1 404-521-1762,https://stores.petco.com/ga/atlanta/full-service-grooming-atlanta-ga-2718.html?utm_source=google&utm_campaign=locallist_2718_pg,"QM53+2C Atlanta, Georgia, USA",,added,False,False
The Clean Dog,2026-09-14,4.3,4.3 stars,Pet groomer,"715 Edgewood Ave NE, Atlanta, GA 30307, United States",+1 404-567-1750,http://thecleandog.com/,"QJ3P+QC Atlanta, Georgia, USA",,added,False,False
Barking Hound Village Old 4th Ward,2026-09-14,4.4,4.4 stars,Pet boarding service,"510 North Avenue NE, Atlanta, GA 30308, United States",+1 404-875-5408,https://www.barkinghoundvillage.com/old-4th-ward-lofts-2/,"QJCH+HF Atlanta, Georgia, USA",,added,False,False
Barkbus Mobile Dog Grooming Atlanta,2026-09-14,4.8,4.8 stars,Pet groomer,,+1 470-824-6959,https://www.barkbus.com/ga/atlanta?utm_source=google&utm_medium=gmb&utm_content=Midtown,,,added,False,False
Wagging Tails Doggie Daycare & Boarding,2026-09-14,4.6,4.6 stars,Pet sitter,"376 Trabert Ave NW, Atlanta, GA 30309, United States",+1 404-873-0049,https://www.waggingtailsatlanta.com/,"QHVX+RW Atlanta, Georgia, USA",,added,False,False
Scenthound North Druid Hills,2026-09-14,4.7,4.7 stars,Pet groomer,"2484 Briarcliff Rd NE #31, Atlanta, GA 30329, United States",+1 470-730-4441,https://www.scenthound.com/north-druid-hills,"RMH9+74 Atlanta, Georgia, USA",,added,False,False
Spot for Dogs LLC,2026-09-14,4.8,4.8 stars,Dog day care center,"750 Ponce De Leon Pl NE #1, Atlanta, GA 30306, United States",+1 404-745-4243,http://spotfordogs.com/,"QJGP+26 Atlanta, Georgia, USA",,added,False,False
Inman Park Pet Works,2026-09-14,4.7,4.7 stars,Pet supply store,"914 Austin Ave NE, Atlanta, GA 30307, United States",+1 404-522-4544,http://www.inmanparkpetworks.com/,"QJ6R+RW Atlanta, Georgia, USA",,added,False,False
Central Bark Atlanta,2026-09-14,4.7,4.7 stars,Dog day care center,"1940 Briarwood Ct NE, Atlanta, GA 30329, United States",+1 404-248-2275,https://www.centralbarkusa.com/atlanta/,"RMQG+PV Atlanta, Georgia, USA",,added,False,False
That Dirty Dog Inc,2026-09-14,4.8,4.8 stars,Pet groomer,"11255 Woodstock Rd # 100, Roswell, GA 30075, United States",+1 770-993-7877,https://www.thatdirtydog.com/,"3J58+6V Roswell, Georgia, USA",,added,False,False
K-9 Coach,2026-09-14,4.6,4.6 stars,Pet boarding service,"4870 S Atlanta Rd SE, Atlanta, GA 30339, United States",+1 404-737-7969,https://www.k-9coach.com/?utm_source=gmb&utm_medium=Yext&cp=4047377969&y_source=1_MjkxMDk2NzEtNzE1LWxvY2F0aW9uLndlYnNpdGU%3D,"RGPH+92 Atlanta, Georgia, USA",,added,False,False
Bark ATL,2026-09-14,4.6,4.6 stars,Dog day care center,"145 Ralph McGill Blvd NE, Atlanta, GA 30308, United States",+1 404-688-2275,http://www.barkatl.com/,"QJ78+MW Atlanta, Georgia, USA",,added,False,False
Sam Pet Grooming,2026-09-14,4.8,4.8 stars,Pet groomer,,+1 404-563-4528,http://sampetgrooming.com/,,,added,False,False
Pack Leaders ATL,2026-09-14,5.0,5.0 stars,Dog walker,"1018 W Peachtree St NW, Atlanta, GA 30309, United States",+1 404-445-6431,http://packleadersatl.com/,"QJM6+2P Atlanta, Georgia, USA",,added,False,False
Club DiOGi,2026-09-14,4.8,4.8 stars,Dog day care center,"2080 Cheshire Bridge Rd NE Ste b, Atlanta, GA 30324, United States",+1 404-549-3446,https://clubdiogi.com/,"RJ6V+WW Atlanta, Georgia, USA",,added,False,False
Dogtopia of West Midtown Atlanta,2026-09-14,4.5,4.5 stars,Dog day care center,"1201 West Ln NW, Atlanta, GA 30318, United States",+1 404-267-4589,https://www.dogtopia.com/west-midtown-atlanta/?utm_source=Google&utm_medium=Organic&utm_campaign=Google_Business_Profile,"QHPP+X6 Atlanta, Georgia, USA",,added,False,False
Park Pet Supply Inc,2026-09-14,4.9,4.9 stars,Pet supply store,"479A Flat Shoals Ave SE, Atlanta, GA 30316, United States",+1 404-588-0140,https://www.parkpetsupply.com/,"PMR3+9C Atlanta, Georgia, USA",,added,False,False
Pet Wants Piedmont,2026-09-14,4.8,4.8 stars,Pet supply store,"931 Monroe Dr NE Ste 113B, Atlanta, GA 30308, United States",+1 404-549-2727,https://petwantsatlnorth.com/,"QJHJ+XV Atlanta, Georgia, USA",,added,False,False
PetForria,2026-09-14,5.0,5.0 stars,Pet sitter,"650 Ponce De Leon Ave NE Ste 300 #2458, Atlanta, GA 30308, United States",+1 470-262-9675,http://petforria.com/,"QJGM+5J Atlanta, Georgia, USA",,added,False,False
"Best In Show Doggy Daycare, Groom & Board",2026-09-14,4.5,4.5 stars,Pet groomer,"2200 Cascade Rd, Atlanta, GA 30311, United States",+1 404-752-7909,http://bestinshowatlanta.com/,"PGCQ+QQ Atlanta, Georgia, USA",,added,False,False
PetSmart Grooming,2026-09-14,3.0,3.0 stars,Pet groomer,"3221 Peachtree Rd NE, Atlanta, GA 30305, United States",+1 404-266-0402,https://stores.petsmart.com/ga/atlanta/buckhead/grooming?utm_source=google&utm_medium=organic&utm_campaign=google-my-business,"RJRG+MR Atlanta, Georgia, USA",,added,False,False
Kirkwood Car Wash & Dog Wash Atlanta,2026-09-14,4.3,4.3 stars,Self service car wash,"2003 Oakview Rd SE, Atlanta, GA 30317, United States",+1 404-663-8080,http://www.kirkwoodcarwash.com/,"QM2H+73 Atlanta, Georgia, USA",,added,False,False
Best Little Dog House in Georgia,2026-09-14,4.8,4.8 stars,Pet boarding service,"1225 Winchester Pkwy SE, Smyrna, GA 30080, United States",+1 770-432-4646,http://www.bestlittledoghouseinga.com/,"RGW6+8C Smyrna, Georgia, USA",,added,False,False
Sunny Pawz Grooming,2026-09-14,4.8,4.8 stars,Pet groomer,"1099 Boulevard SE Ste. 1115, Atlanta, GA 30312, United States",+1 404-645-0686,https://sunnypawzgroomingatl.com/,"PJFJ+QG Atlanta, Georgia, USA",,added,False,False
Redemption Road K9 - Dog Obsessed.,2026-09-14,4.9,4.9 stars,Dog trainer,,,http://www.redemptionroadk9.com/,,,added,False,False
Tre’Chien Dog Spa,2026-09-14,5.0,5.0 stars,Pet groomer,"245 E Trinity Pl, Decatur, GA 30030, United States",+1 678-723-5382,https://www.trechien.com/,"QPC4+HH Decatur, Georgia, USA",,added,False,False
PetSmart Grooming,2026-09-14,1.9,1.9 stars,Pet groomer,"650 Ponce De Leon Ave NE, Atlanta, GA 30308, United States",+1 404-872-2363,https://stores.petsmart.com/ga/atlanta/midtown-atlanta/grooming?utm_source=google&utm_medium=organic&utm_campaign=google-my-business,"QJGM+WF Atlanta, Georgia, USA",,added,False,False
Avondale Yankee Clipper,2026-09-14,4.7,4.7 stars,Pet groomer,"2 Pine St, Avondale Estates, GA 30002, United States",+1 404-294-5222,https://rucat.net/explore/avondale-yankee-clipper/,"QPGG+7Q Avondale Estates, Georgia, USA",,added,False,False
Woof Gang Bakery & Grooming Smyrna,2026-09-14,4.8,4.8 stars,Pet groomer,"4500 W Village Pl #1010, Smyrna, GA 30080, United States",+1 470-523-8523,http://woofgangbakery.com/smyrnaga,"RGV5+FR Smyrna, Georgia, USA",,added,False,False
Woofie's of North Atlanta,2026-09-14,5.0,5.0 stars,Pet groomer,,+1 470-805-0475,https://www.woofies.com/north-atlanta/,,,added,False,False
G6 K9 Dog Training,2026-09-14,5.0,5.0 stars,Dog trainer,"3779 Union Church Rd, Stockbridge, GA 30281, United States",+1 251-294-6841,https://www.g6k9dogtraining.com/contact,"HVQ6+VJ Stockbridge, Georgia, USA",,added,False,False
WAG-A-LOT Decatur,2026-09-14,4.4,4.4 stars,Dog day care center,"225 Dekalb Industrial Way, Decatur, GA 30030, United States",+1 404-292-3377,http://www.wagalot.com/,"QPMG+24 Decatur, Georgia, USA",,added,False,False
Vinings Important Pets,2026-09-14,4.2,4.2 stars,Pet groomer,"4199 Paces Ferry Rd SE #116, Atlanta, GA 30339, United States",+1 770-319-0100,https://viningsimportantpets.wordpress.com/,"VG5V+XP Atlanta, Georgia, USA",,added,False,False
That's So Fetch!,2026-09-14,4.8,4.8 stars,Dog day care center,"897 Metropolitan Pkwy SW, Atlanta, GA 30310, United States",+1 678-322-8530,https://thatssofetch.co/,"PHJR+5M Atlanta, Georgia, USA",,added,False,False
Dogma Dog Care,2026-09-14,4.2,4.2 stars,Dog day care center,"4790 Wright Dr SE, Smyrna, GA 30082, United States",+1 770-436-4346,https://dogmadogcare.com/,"RGP3+R9 Smyrna, Georgia, USA",,added,False,False
PetSmart,2026-09-14,4.2,4.2 stars,Pet supply store,"650 Ponce De Leon Ave NE, Atlanta, GA 30308, United States",+1 404-872-2363,https://www.petsmart.com/stores/us/ga/atlanta-store0275.html?utm_source=google&utm_medium=organic&utm_campaign=google-my-business,"QJGM+9H Atlanta, Georgia, USA",,added,False,False
Pup-N-Cuts,2026-09-14,4.6,4.6 stars,Pet groomer,"4280 Peachtree Rd NE, Brookhaven, GA 30319, United States",+1 404-549-2031,http://www.pupncutsatl.com/,"VM97+8Q Brookhaven, Georgia, USA",,added,False,False
Fur Pets Mobile Grooming,2026-09-14,4.5,4.5 stars,Pet groomer,,+1 678-429-6255,https://www.furpetsgrooming.com/,,,added,False,False
Furry tails spa,2026-09-14,4.7,4.7 stars,Pet groomer,"1400 Veterans Memorial Hwy SE, Mableton, GA 30126, United States",+1 404-254-1744,https://furrytailsspa.top/,"QFXM+XJ Mableton, Georgia, USA",,added,False,False
Universal Grooming,2026-09-14,4.6,4.6 stars,Pet groomer,"3988 Atlanta Rd SE, Smyrna, GA 30080, United States",+1 470-368-4596,https://booking.moego.pet/ol/landing?name=UniversalGrooming,"VG44+HW Smyrna, Georgia, USA",,added,False,False
Digs Dog Care,2026-09-14,4.8,4.8 stars,Dog day care center,"320 E Howard Ave, Decatur, GA 30030, United States",+1 404-257-6917,https://www.digsdogcare.com/location/digs-decatur,"QPC5+R6 Decatur, Georgia, USA",,added,False,False
EarthWise Pet Supply & Grooming - Grant Park,2026-09-14,5.0,5.0 stars,Pet store,"1039 Grant St SE A10, Atlanta, GA 30315, United States",+1 404-975-3493,https://grantpark.earthwisepet.com/products/shop/,"PJGF+G6 Atlanta, Georgia, USA",,added,False,False
Scenthound Chastain Square,2026-09-14,4.6,4.6 stars,Pet groomer,"4279 Roswell Rd NE #204, Atlanta, GA 30342, United States",+1 470-607-5100,https://www.scenthound.com/chastain-square,"VJCC+J5 Atlanta, Georgia, USA",,added,False,False
Pretty Pawz Pet Services,2026-09-14,3.9,3.9 stars,Pet groomer,"3129 Glenwood Rd, Decatur, GA 30032, United States",+1 706-386-7109,http://www.prettypawz4you.com/,"PPQ6+C2 Decatur, Georgia, USA",,added,False,False
Sarah's Groom Room,2026-09-14,4.0,4.0 stars,Pet groomer,"3872 Roswell Rd NE C2, Atlanta, GA 30342, United States",+1 404-665-6461,https://cpaw.net/explore/sarahs-groom-room/,"VJ69+35 Atlanta, Georgia, USA",,added,False,False
Dogtopia of Decatur,2026-09-14,4.6,4.6 stars,Dog day care center,"2098 N Decatur Rd, Decatur, GA 30033, United States",+1 470-487-8005,https://www.dogtopia.com/decatur/?utm_source=Google&utm_medium=Organic&utm_campaign=Google_Business_Profile,"QMRV+FQ Decatur, Georgia, USA",,added,False,False
Jack Armour Pet Grooming,2026-09-14,4.8,4.8 stars,Pet groomer,"2558 Shallowford Rd Ste 203 Room 101, Atlanta, GA 30345, United States",+1 678-920-9006,https://www.jackarmourpets.com/,"VP66+VX Atlanta, Georgia, USA",,added,False,False
Puppy Haven - Brookhaven,2026-09-14,4.8,4.8 stars,Dog day care center,"2740 Caldwell Rd NE, Brookhaven, GA 30319, United States",+1 404-885-8788,https://www.puppyhaven.com/locations/brookhaven/,"VM98+27 Brookhaven, Georgia, USA",,added,False,False
Petco Grooming,2026-09-14,4.6,4.6 stars,Pet groomer,"3756B Roswell Rd, Atlanta, GA 30342, United States",+1 404-841-9733,https://stores.petco.com/ga/atlanta/full-service-grooming-atlanta-ga-1567.html?utm_source=google&utm_campaign=locallist_1567_pg,"VJ58+6W Atlanta, Georgia, USA",,added,False,False
PetSmart,2026-09-14,4.3,4.3 stars,Pet supply store,"1801 Howell Mill Rd NW Ste 30, Atlanta, GA 30318, United States",+1 404-352-9746,https://www.petsmart.com/stores/us/ga/atlanta-store1571.html?utm_source=google&utm_medium=organic&utm_campaign=google-my-business,"RH3Q+8C Atlanta, Georgia, USA",,added,False,False
Bark and Board,2026-09-14,4.3,4.3 stars,Pet boarding service,"2600 Apple Valley Rd NE, Atlanta, GA 30319, United States",+1 470-602-7807,https://www.barkandboard.com/locations/brookhaven?y_source=1_MTE2NjkwOTQtNzE1LWxvY2F0aW9uLndlYnNpdGU%3D,"VM67+X3 Atlanta, Georgia, USA",,added,False,False
